stem,clase,luz_A,luz_B,luz_A_trimmed,luz_B_trimmed,frame_inicio_trimmed,frame_fin_trimmed,presencia_difiere
AttackA_0001,AttackA,6,0,7,0,0,10,no
AttackA_0003,AttackA,12,12,15,15,0,19,no
AttackA_0004,AttackA,10,0,13,0,0,16,no
AttackA_0005,AttackA,9,9,12,13,0,15,no
AttackA_0006,AttackA,9,9,11,11,0,15,no
AttackA_0010,AttackA,14,17,17,0,0,20,si
AttackA_0013,AttackA,5,0,6,0,0,12,no
AttackA_0014,AttackA,6,0,8,0,0,10,no
AttackA_0015,AttackA,5,0,6,0,0,11,no
AttackA_0016,AttackA,9,0,10,0,0,15,no
AttackA_0017,AttackA,13,0,16,0,0,19,no
AttackA_0019,AttackA,8,8,10,10,0,13,no
AttackA_0022,AttackA,8,0,10,0,0,11,no
AttackA_0026,AttackA,15,0,38,0,0,53,no
AttackA_0028,AttackA,11,0,14,0,0,15,no
AttackA_0030,AttackA,4,6,5,6,0,10,no
AttackA_0033,AttackA,6,0,8,0,0,12,no
AttackA_0034,AttackA,5,6,7,8,0,12,no
AttackA_0037,AttackA,6,9,8,10,0,12,no
AttackA_0039,AttackA,13,0,16,0,0,19,no
AttackA_0043,AttackA,10,9,12,9,0,16,no
AttackA_0045,AttackA,7,9,9,11,0,14,no
AttackA_0047,AttackA,6,8,8,10,0,13,no
AttackA_0049,AttackA,9,10,10,13,0,14,no
AttackA_0054,AttackA,8,7,0,8,0,9,si
AttackA_0055,AttackA,16,13,19,17,0,27,no
AttackA_0061,AttackA,8,0,10,0,0,20,no
AttackA_0062,AttackA,6,0,8,0,0,9,no
AttackA_0064,AttackA,4,6,10,0,0,17,si
AttackA_0065,AttackA,9,11,11,0,0,13,si
AttackA_0066,AttackA,7,9,9,10,0,15,no
AttackA_0067,AttackA,9,0,11,0,0,14,no
AttackA_0069,AttackA,6,6,8,8,0,10,no
AttackA_0073,AttackA,11,13,14,17,0,19,no
AttackA_0074,AttackA,9,0,22,0,0,25,no
AttackA_0075,AttackA,9,0,12,0,0,14,no
AttackA_0077,AttackA,4,4,9,9,0,11,no
AttackA_0078,AttackA,6,0,13,0,0,16,no
AttackA_0079,AttackA,5,6,8,11,0,12,no
AttackA_0080,AttackA,5,0,10,0,0,11,no
AttackA_0081,AttackA,5,5,10,10,0,13,no
AttackA_0082,AttackA,9,0,12,0,0,14,no
AttackA_0083,AttackA,8,0,13,0,0,16,no
AttackA_0084,AttackA,5,0,17,0,0,23,no
AttackA_0085,AttackA,3,0,7,0,0,10,no
AttackA_0086,AttackA,8,0,12,0,0,14,no
AttackA_0090,AttackA,9,11,14,0,0,15,si
AttackA_0091,AttackA,5,0,11,0,0,14,no
AttackA_0095,AttackA,8,0,13,0,0,14,no
AttackA_0096,AttackA,13,9,19,15,0,24,no
AttackA_0099,AttackA,4,0,7,0,0,10,no
AttackA_0100,AttackA,16,0,20,0,0,22,no
AttackA_0101,AttackA,5,0,10,0,0,11,no
AttackA_0102,AttackA,11,0,14,0,0,18,no
AttackA_0103,AttackA,12,14,18,20,0,27,no
AttackA_0104,AttackA,7,9,10,13,0,14,no
AttackA_0105,AttackA,5,8,8,11,0,11,no
AttackA_0106,AttackA,7,75,10,7,0,11,no
AttackA_0110,AttackA,4,0,6,0,0,11,no
AttackA_0111,AttackA,10,11,14,14,0,14,no
AttackA_0112,AttackA,14,0,20,0,0,24,no
AttackA_0113,AttackA,6,0,8,0,0,12,no
AttackA_0116,AttackA,5,8,0,0,0,11,si
AttackA_0117,AttackA,24,21,33,30,0,35,no
AttackA_0119,AttackA,11,13,15,0,0,16,si
AttackA_0120,AttackA,5,7,8,0,0,9,si
AttackA_0121,AttackA,10,0,12,0,0,19,no
AttackA_0122,AttackA,11,13,16,0,0,19,si
AttackA_0123,AttackA,5,6,8,9,0,9,no
AttackA_0124,AttackA,7,0,9,0,0,12,no
AttackA_0125,AttackA,2,0,6,0,0,9,no
AttackA_0126,AttackA,21,18,26,24,0,29,no
AttackA_0127,AttackA,6,0,9,0,0,10,no
AttackA_0128,AttackA,7,7,11,11,0,13,no
AttackA_0129,AttackA,10,0,13,0,0,18,no
AttackA_0131,AttackA,13,0,20,0,0,22,no
AttackA_0132,AttackA,10,10,16,16,0,23,no
AttackA_0133,AttackA,9,9,11,13,0,15,no
AttackA_0134,AttackA,3,0,5,0,0,14,no
AttackA_0135,AttackA,9,0,26,0,0,30,no
AttackA_0136,AttackA,7,8,9,10,0,12,no
AttackA_0139,AttackA,11,9,30,26,0,38,no
AttackA_0143,AttackA,7,8,7,11,0,19,no
AttackA_0145,AttackA,5,6,9,10,0,13,no
AttackA_0146,AttackA,7,5,11,9,0,14,no
AttackA_0147,AttackA,4,5,7,8,0,11,no
AttackA_0148,AttackA,10,0,16,0,0,24,no
AttackA_0149,AttackA,17,13,24,19,0,29,no
AttackA_0150,AttackA,9,0,10,0,0,14,no
AttackA_0154,AttackA,11,9,15,12,0,18,no
AttackA_0156,AttackA,5,6,15,0,0,18,si
AttackA_0157,AttackA,14,0,19,0,0,22,no
AttackA_0158,AttackA,16,18,20,23,0,23,no
AttackA_0159,AttackA,5,0,10,0,0,15,no
AttackA_0160,AttackA,6,4,8,6,0,11,no
AttackA_0161,AttackA,7,7,10,10,0,14,no
AttackA_0162,AttackA,14,14,19,19,0,22,no
AttackA_0163,AttackA,8,6,22,20,0,32,no
AttackA_0165,AttackA,8,8,10,10,0,22,no
AttackA_0166,AttackA,13,11,20,17,0,23,no
AttackA_0168,AttackA,9,9,13,12,0,17,no
AttackA_0170,AttackA,11,12,30,35,0,40,no
AttackA_0171,AttackA,5,0,10,0,0,13,no
AttackA_0172,AttackA,8,7,20,17,0,25,no
AttackA_0175,AttackA,16,14,23,20,0,30,no
AttackA_0177,AttackA,16,0,43,0,0,47,no
AttackA_0178,AttackA,10,0,14,0,0,20,no
AttackA_0179,AttackA,11,0,14,0,0,18,no
AttackA_0180,AttackA,9,9,11,11,0,17,no
AttackA_0181,AttackA,6,0,11,0,0,22,no
AttackA_0184,AttackA,9,11,14,16,0,18,no
AttackA_0185,AttackA,13,13,35,32,0,52,no
AttackA_0187,AttackA,17,0,22,0,0,27,no
AttackA_0188,AttackA,14,11,18,15,0,21,no
AttackA_0191,AttackA,7,8,10,11,0,14,no
AttackA_0194,AttackA,6,6,9,9,0,14,no
AttackA_0196,AttackA,12,0,18,0,0,20,no
AttackA_0197,AttackA,7,9,11,0,0,15,si
AttackA_0200,AttackA,9,0,13,0,0,16,no
AttackA_0201,AttackA,17,0,46,0,0,53,no
AttackB_0001,AttackB,9,8,12,10,0,13,no
AttackB_0003,AttackB,0,12,0,15,0,16,no
AttackB_0004,AttackB,9,7,0,8,0,11,si
AttackB_0005,AttackB,0,9,0,11,0,15,no
AttackB_0008,AttackB,0,6,0,7,0,10,no
AttackB_0012,AttackB,6,6,8,8,0,12,no
AttackB_0013,AttackB,0,8,0,10,0,12,no
AttackB_0015,AttackB,10,14,13,17,0,20,no
AttackB_0020,AttackB,0,8,0,10,0,16,no
AttackB_0021,AttackB,6,5,7,6,0,11,no
AttackB_0023,AttackB,0,10,0,12,0,19,no
AttackB_0027,AttackB,10,8,11,10,0,14,no
AttackB_0029,AttackB,0,19,0,24,0,30,no
AttackB_0030,AttackB,17,21,20,23,0,27,no
AttackB_0035,AttackB,0,11,0,14,0,16,no
AttackB_0036,AttackB,0,15,0,38,0,43,no
AttackB_0037,AttackB,0,6,0,8,0,10,no
AttackB_0038,AttackB,8,9,10,11,0,15,no
AttackB_0039,AttackB,0,6,0,7,0,9,no
AttackB_0040,AttackB,14,11,18,14,0,18,no
AttackB_0041,AttackB,9,10,12,13,0,16,no
AttackB_0042,AttackB,21,24,28,31,0,37,no
AttackB_0043,AttackB,10,10,13,13,0,14,no
AttackB_0044,AttackB,0,6,0,8,0,12,no
AttackB_0045,AttackB,0,9,0,11,0,15,no
AttackB_0046,AttackB,11,9,14,12,0,17,no
AttackB_0048,AttackB,10,12,13,15,0,19,no
AttackB_0050,AttackB,13,10,0,13,0,15,si
AttackB_0051,AttackB,0,16,0,20,0,24,no
AttackB_0053,AttackB,0,9,0,11,0,14,no
AttackB_0054,AttackB,6,9,8,10,0,14,no
AttackB_0056,AttackB,0,10,0,12,0,15,no
AttackB_0060,AttackB,0,7,0,10,0,13,no
AttackB_0062,AttackB,7,6,9,7,0,10,no
AttackB_0065,AttackB,5,9,7,12,0,16,no
AttackB_0066,AttackB,0,9,0,10,0,13,no
AttackB_0067,AttackB,9,13,11,15,0,17,no
AttackB_0068,AttackB,12,14,15,17,0,20,no
AttackB_0069,AttackB,10,11,12,13,0,17,no
AttackB_0070,AttackB,9,7,9,10,0,12,no
AttackB_0071,AttackB,10,12,13,16,0,22,no
AttackB_0073,AttackB,0,10,0,2,0,20,no
AttackB_0075,AttackB,0,7,0,9,0,14,no
AttackB_0076,AttackB,23,24,30,30,0,33,no
AttackB_0077,AttackB,7,8,13,13,0,15,no
AttackB_0078,AttackB,21,17,0,22,0,25,si
AttackB_0079,AttackB,12,14,18,21,0,24,no
AttackB_0081,AttackB,4,5,7,10,0,11,no
AttackB_0082,AttackB,14,13,19,16,0,21,no
AttackB_0083,AttackB,6,8,10,13,0,15,no
AttackB_0084,AttackB,0,7,0,10,0,15,no
AttackB_0086,AttackB,4,4,7,7,0,11,no
AttackB_0088,AttackB,1,5,4,9,0,12,no
AttackB_0089,AttackB,11,10,14,13,0,18,no
AttackB_0090,AttackB,19,16,0,20,0,24,si
AttackB_0092,AttackB,8,6,11,9,0,11,no
AttackB_0093,AttackB,0,5,0,15,0,22,no
AttackB_0094,AttackB,8,8,10,10,0,16,no
AttackB_0095,AttackB,4,5,6,7,0,17,no
AttackB_0097,AttackB,5,5,9,7,0,9,no
AttackB_0098,AttackB,5,5,6,6,0,9,no
AttackB_0099,AttackB,13,14,32,34,0,42,no
AttackB_0100,AttackB,9,9,13,13,0,16,no
AttackB_0101,AttackB,0,9,0,15,0,17,no
AttackB_0102,AttackB,0,5,0,7,0,12,no
AttackB_0107,AttackB,0,10,0,14,0,17,no
AttackB_0108,AttackB,0,5,0,10,0,14,no
AttackB_0110,AttackB,0,8,0,11,0,12,no
AttackB_0112,AttackB,0,4,0,7,0,11,no
AttackB_0114,AttackB,0,7,0,9,0,12,no
AttackB_0115,AttackB,7,6,11,10,0,13,no
AttackB_0117,AttackB,10,9,14,13,0,15,no
AttackB_0118,AttackB,0,9,0,14,0,19,no
AttackB_0121,AttackB,0,7,0,10,0,14,no
AttackB_0123,AttackB,5,4,9,8,0,11,no
AttackB_0124,AttackB,8,8,22,22,0,32,no
AttackB_0126,AttackB,0,10,0,14,0,18,no
AttackB_0127,AttackB,5,5,10,9,0,11,no
AttackB_0128,AttackB,0,11,0,17,0,18,no
AttackB_0129,AttackB,0,8,0,13,0,15,no
AttackB_0130,AttackB,9,6,0,11,0,12,si
AttackB_0131,AttackB,5,9,9,14,0,15,no
AttackB_0134,AttackB,5,7,9,10,0,14,no
AttackB_0135,AttackB,6,9,11,14,0,21,no
AttackB_0136,AttackB,0,13,0,16,0,19,no
AttackB_0137,AttackB,9,12,15,18,0,20,no
AttackB_0138,AttackB,5,8,8,10,0,14,no
AttackB_0140,AttackB,0,5,0,10,0,15,no
AttackB_0141,AttackB,12,13,15,18,0,21,no
AttackB_0143,AttackB,0,11,0,14,0,17,no
AttackB_0144,AttackB,14,15,20,20,0,24,no
AttackB_0145,AttackB,9,11,11,14,0,16,no
AttackB_0146,AttackB,11,9,15,12,0,20,no
AttackB_0150,AttackB,9,7,20,17,0,27,no
AttackB_0152,AttackB,6,5,10,9,0,14,no
AttackB_0153,AttackB,0,10,0,15,0,18,no
AttackB_0154,AttackB,0,10,0,15,0,20,no
AttackB_0155,AttackB,0,11,0,15,0,20,no
AttackB_0156,AttackB,8,5,0,7,0,10,si
AttackB_0157,AttackB,17,21,23,26,0,29,no
AttackB_0158,AttackB,10,12,13,16,0,19,no
AttackB_0159,AttackB,5,6,17,20,0,24,no
AttackB_0161,AttackB,9,9,13,13,0,16,no
AttackB_0163,AttackB,5,2,10,6,0,11,no
AttackB_0164,AttackB,19,15,24,19,0,26,no
AttackB_0166,AttackB,7,6,9,8,0,14,no
AttackB_0168,AttackB,0,8,0,10,0,13,no
AttackB_0169,AttackB,7,5,20,18,0,22,no
AttackB_0170,AttackB,10,9,13,12,0,16,no
AttackB_0171,AttackB,0,9,0,15,0,17,no
AttackB_0173,AttackB,6,8,18,23,0,28,no
AttackB_0174,AttackB,11,8,27,20,0,33,no
AttackB_0175,AttackB,6,9,8,10,0,17,no
AttackB_0176,AttackB,8,5,12,10,0,15,no
AttackB_0178,AttackB,4,6,7,11,0,15,no
AttackB_0179,AttackB,0,10,0,25,0,30,no
AttackB_0181,AttackB,10,9,13,12,0,16,no
AttackB_0184,AttackB,13,12,18,15,0,19,no
AttackB_0185,AttackB,16,13,0,16,0,19,si
AttackB_0189,AttackB,5,5,9,10,0,14,no
AttackB_0191,AttackB,4,5,8,10,0,13,no
AttackB_0192,AttackB,4,8,8,13,0,15,no
AttackB_0195,AttackB,7,6,11,11,0,15,no
AttackB_0196,AttackB,0,16,0,18,0,21,no
AttackB_0197,AttackB,16,17,21,23,0,31,no
AttackB_0198,AttackB,13,9,0,12,0,15,si
AttackB_0199,AttackB,0,9,0,13,0,14,no
AttackB_0200,AttackB,22,19,60,50,0,60,no
AttackB_0201,AttackB,0,14,0,34,0,37,no
AttackB_0202,AttackB,0,26,0,34,0,40,no
AttackB_0203,AttackB,0,9,0,26,0,36,no
AttackB_0204,AttackB,18,15,23,21,0,26,no
AttackB_0205,AttackB,9,7,14,12,0,15,no
AttackB_0206,AttackB,8,7,11,10,0,12,no
AttackB_0207,AttackB,8,8,10,10,0,12,no
ContrattackA_0001,ContrattackA,11,0,14,0,0,24,no
ContrattackA_0003,ContrattackA,16,0,21,0,0,26,no
ContrattackA_0004,ContrattackA,17,17,22,22,0,33,no
ContrattackA_0008,ContrattackA,21,0,26,0,0,30,no
ContrattackA_0009,ContrattackA,13,15,17,19,0,21,no
ContrattackA_0011,ContrattackA,10,0,12,0,0,22,no
ContrattackA_0012,ContrattackA,22,0,28,0,0,30,no
ContrattackA_0013,ContrattackA,13,0,16,0,0,24,no
ContrattackA_0014,ContrattackA,18,0,23,0,0,30,no
ContrattackA_0016,ContrattackA,19,0,25,0,0,38,no
ContrattackA_0018,ContrattackA,17,0,22,0,0,33,no
ContrattackA_0021,ContrattackA,9,0,10,0,0,16,no
ContrattackA_0022,ContrattackA,16,12,20,15,0,30,no
ContrattackA_0024,ContrattackA,37,0,48,0,0,60,no
ContrattackA_0025,ContrattackA,13,0,16,0,0,26,no
ContrattackA_0026,ContrattackA,18,0,23,0,0,38,no
ContrattackA_0028,ContrattackA,17,18,22,22,0,26,no
ContrattackA_0029,ContrattackA,14,12,18,15,0,25,no
ContrattackA_0030,ContrattackA,11,13,13,17,0,21,no
ContrattackA_0031,ContrattackA,7,0,9,0,0,21,no
ContrattackA_0033,ContrattackA,27,0,34,0,0,38,no
ContrattackA_0034,ContrattackA,18,0,23,0,0,31,no
ContrattackA_0036,ContrattackA,7,0,9,0,0,17,no
ContrattackA_0038,ContrattackA,21,0,29,0,0,41,no
ContrattackA_0039,ContrattackA,14,0,19,0,0,28,no
ContrattackA_0041,ContrattackA,11,7,0,10,0,20,si
ContrattackA_0042,ContrattackA,10,0,13,0,0,25,no
ContrattackA_0044,ContrattackA,36,35,92,92,0,110,no
ContrattackA_0045,ContrattackA,13,0,35,0,0,45,no
ContrattackA_0049,ContrattackA,5,7,10,11,0,15,no
ContrattackA_0051,ContrattackA,13,0,17,0,0,26,no
ContrattackA_0052,ContrattackA,24,0,31,0,0,36,no
ContrattackA_0053,ContrattackA,15,0,40,0,0,56,no
ContrattackA_0054,ContrattackA,23,20,29,25,0,33,no
ContrattackA_0057,ContrattackA,23,20,30,26,0,34,no
ContrattackA_0058,ContrattackA,22,19,30,26,0,36,no
ContrattackA_0059,ContrattackA,11,0,15,0,0,24,no
ContrattackA_0060,ContrattackA,21,0,27,0,0,33,no
ContrattackA_0062,ContrattackA,13,0,17,0,0,25,no
ContrattackA_0063,ContrattackA,10,0,12,0,0,26,no
ContrattackA_0064,ContrattackA,17,0,22,0,0,25,no
ContrattackA_0065,ContrattackA,24,23,31,30,0,37,no
ContrattackA_0066,ContrattackA,26,24,34,30,0,39,no
ContrattackA_0067,ContrattackA,9,0,13,0,0,24,no
ContrattackA_0068,ContrattackA,14,0,18,0,0,30,no
ContrattackA_0069,ContrattackA,19,0,26,0,0,41,no
ContrattackA_0073,ContrattackA,7,0,12,0,0,20,no
ContrattackA_0074,ContrattackA,14,0,18,0,0,26,no
ContrattackA_0077,ContrattackA,4,0,6,0,0,13,no
ContrattackA_0079,ContrattackA,9,0,20,0,0,38,no
ContrattackA_0080,ContrattackA,16,0,8,0,0,27,no
ContrattackA_0081,ContrattackA,9,0,14,0,0,21,no
ContrattackA_0082,ContrattackA,9,0,15,0,0,22,no
ContrattackA_0083,ContrattackA,13,0,16,0,0,25,no
ContrattackA_0084,ContrattackA,14,13,19,16,0,25,no
ContrattackB_0002,ContrattackB,0,8,0,10,0,10,no
ContrattackB_0003,ContrattackB,0,23,0,29,0,39,no
ContrattackB_0004,ContrattackB,20,24,29,24,0,33,no
ContrattackB_0005,ContrattackB,11,13,14,17,0,23,no
ContrattackB_0007,ContrattackB,16,17,18,19,0,23,no
ContrattackB_0008,ContrattackB,0,7,0,9,0,16,no
ContrattackB_0010,ContrattackB,13,17,17,22,0,26,no
ContrattackB_0011,ContrattackB,5,7,7,10,0,15,no
ContrattackB_0012,ContrattackB,0,9,0,10,0,23,no
ContrattackB_0013,ContrattackB,15,18,18,20,0,26,no
ContrattackB_0014,ContrattackB,0,17,0,19,0,25,no
ContrattackB_0017,ContrattackB,0,13,0,16,0,24,no
ContrattackB_0018,ContrattackB,0,11,0,28,0,52,no
ContrattackB_0020,ContrattackB,0,8,0,10,0,20,no
ContrattackB_0021,ContrattackB,0,23,0,22,0,31,no
ContrattackB_0022,ContrattackB,0,16,0,20,0,25,no
ContrattackB_0023,ContrattackB,0,17,0,20,0,30,no
ContrattackB_0024,ContrattackB,0,20,0,25,0,38,no
ContrattackB_0027,ContrattackB,0,10,0,13,0,29,no
ContrattackB_0029,ContrattackB,0,16,0,20,0,26,no
ContrattackB_0030,ContrattackB,0,7,0,17,0,35,no
ContrattackB_0031,ContrattackB,13,15,17,19,0,24,no
ContrattackB_0032,ContrattackB,0,5,0,6,0,17,no
ContrattackB_0034,ContrattackB,0,9,0,11,0,17,no
ContrattackB_0035,ContrattackB,0,7,0,9,0,15,no
ContrattackB_0036,ContrattackB,0,15,0,19,0,24,no
ContrattackB_0037,ContrattackB,25,25,31,31,0,36,no
ContrattackB_0038,ContrattackB,0,13,0,15,0,25,no
ContrattackB_0044,ContrattackB,9,9,14,13,0,18,no
ContrattackB_0046,ContrattackB,0,9,0,12,0,22,no
ContrattackB_0049,ContrattackB,0,14,0,19,0,26,no
ContrattackB_0051,ContrattackB,0,14,0,19,0,25,no
ContrattackB_0052,ContrattackB,0,17,0,24,0,28,no
ContrattackB_0054,ContrattackB,0,13,0,18,0,24,no
ContrattackB_0057,ContrattackB,0,14,0,20,0,27,no
ContrattackB_0058,ContrattackB,13,13,35,35,0,45,no
ContrattackB_0059,ContrattackB,13,13,19,17,0,22,no
ContrattackB_0060,ContrattackB,0,1,0,4,0,27,no
ContrattackB_0061,ContrattackB,0,13,0,18,0,23,no
ContrattackB_0062,ContrattackB,0,8,0,11,0,22,no
ContrattackB_0063,ContrattackB,0,8,0,10,0,18,no
ContrattackB_0064,ContrattackB,8,10,13,15,0,22,no
ContrattackB_0068,ContrattackB,0,10,0,14,0,20,no
ContrattackB_0070,ContrattackB,0,9,0,13,0,22,no
ContrattackB_0071,ContrattackB,0,19,0,25,0,35,no
ContrattackB_0072,ContrattackB,8,11,12,17,0,22,no
ContrattackB_0073,ContrattackB,0,17,0,23,0,32,no
ContrattackB_0075,ContrattackB,0,10,0,15,0,25,no
ContrattackB_0076,ContrattackB,10,14,30,37,0,50,no
ContrattackB_0077,ContrattackB,0,17,0,21,0,34,no
ContrattackB_0079,ContrattackB,31,34,80,86,0,106,no
ContrattackB_0081,ContrattackB,0,5,0,9,0,18,no
ContrattackB_0082,ContrattackB,0,16,0,23,0,32,no
ContrattackB_0083,ContrattackB,0,12,0,15,0,23,no
ContrattackB_0084,ContrattackB,0,19,0,24,0,36,no
ContrattackB_0085,ContrattackB,0,15,0,20,0,32,no
ContrattackB_0087,ContrattackB,6,9,11,14,0,19,no
ContrattackB_0089,ContrattackB,0,10,0,28,0,45,no
ContrattackB_0090,ContrattackB,0,15,0,20,0,25,no
ContrattackB_0093,ContrattackB,17,17,23,23,0,30,no
ContrattackB_0095,ContrattackB,0,7,0,10,0,16,no
ContrattackB_0096,ContrattackB,0,12,0,15,0,23,no
ContrattackB_0098,ContrattackB,0,14,0,20,0,29,no
ContrattackB_0099,ContrattackB,0,10,0,15,0,22,no
ContrattackB_0100,ContrattackB,0,17,0,46,0,53,no
ContrattackB_0103,ContrattackB,11,14,17,21,0,24,no
ContrattackB_0104,ContrattackB,0,18,0,48,0,58,no
ContrattackB_0105,ContrattackB,0,6,0,8,0,26,no
ContrattackB_0106,ContrattackB,0,6,0,9,0,19,no
ContrattackB_0109,ContrattackB,0,17,0,23,0,25,no
ContrattackB_0110,ContrattackB,0,10,0,14,0,26,no
ContrattackB_0111,ContrattackB,0,5,0,9,0,18,no
ContrattackB_0119,ContrattackB,18,17,26,25,0,27,no
RiposteA_0001,RiposteA,13,0,17,0,0,21,no
RiposteA_0002,RiposteA,17,13,21,17,0,29,no
RiposteA_0003,RiposteA,14,0,18,0,0,25,no
RiposteA_0004,RiposteA,9,0,11,0,0,16,no
RiposteA_0008,RiposteA,11,10,13,12,0,20,no
RiposteA_0009,RiposteA,13,15,16,19,0,22,no
RiposteA_0010,RiposteA,14,13,18,16,0,20,no
RiposteA_0011,RiposteA,11,0,30,0,0,40,no
RiposteA_0013,RiposteA,11,0,14,0,0,20,no
RiposteA_0017,RiposteA,10,11,13,14,0,19,no
RiposteA_0019,RiposteA,22,0,190,0,160,196,no
RiposteA_0020,RiposteA,13,0,17,0,0,24,no
RiposteA_0022,RiposteA,13,0,15,0,0,20,no
RiposteA_0023,RiposteA,11,12,13,14,0,21,no
RiposteA_0024,RiposteA,15,17,19,22,0,26,no
RiposteA_0025,RiposteA,13,10,16,12,0,21,no
RiposteA_0026,RiposteA,13,0,16,0,0,21,no
RiposteA_0028,RiposteA,12,12,15,15,0,16,no
RiposteA_0033,RiposteA,11,9,14,12,0,20,no
RiposteA_0035,RiposteA,11,14,32,35,0,40,no
RiposteA_0038,RiposteA,11,0,14,0,0,29,no
RiposteA_0039,RiposteA,13,10,17,14,0,21,no
RiposteA_0040,RiposteA,13,0,16,0,0,21,no
RiposteA_0042,RiposteA,13,0,15,0,0,22,no
RiposteA_0043,RiposteA,11,0,14,0,0,20,no
RiposteA_0044,RiposteA,13,0,15,0,0,24,no
RiposteA_0045,RiposteA,13,0,16,0,0,20,no
RiposteA_0047,RiposteA,17,13,21,18,0,28,no
RiposteA_0048,RiposteA,9,0,30,0,0,45,no
RiposteA_0049,RiposteA,14,0,19,25,0,26,si
RiposteA_0051,RiposteA,20,0,28,0,0,38,no
RiposteA_0053,RiposteA,12,0,16,0,0,21,no
RiposteA_0054,RiposteA,17,0,23,0,0,26,no
RiposteA_0056,RiposteA,18,0,48,0,0,60,no
RiposteA_0059,RiposteA,13,12,19,18,0,26,no
RiposteA_0062,RiposteA,14,0,36,0,0,43,no
RiposteA_0064,RiposteA,17,0,22,0,0,27,no
RiposteA_0067,RiposteA,12,0,18,0,0,23,no
RiposteA_0069,RiposteA,13,0,18,0,0,24,no
RiposteA_0074,RiposteA,16,0,20,0,0,24,no
RiposteA_0076,RiposteA,16,0,23,0,0,27,no
RiposteA_0077,RiposteA,13,13,18,18,0,22,no
RiposteB_0001,RiposteB,0,17,0,21,0,29,no
RiposteB_0003,RiposteB,20,18,25,23,0,25,no
RiposteB_0005,RiposteB,10,13,13,16,0,20,no
RiposteB_0006,RiposteB,0,18,0,23,0,29,no
RiposteB_0008,RiposteB,0,17,0,22,0,31,no
RiposteB_0009,RiposteB,10,13,13,16,0,20,no
RiposteB_0010,RiposteB,0,7,0,20,0,24,no
RiposteB_0012,RiposteB,0,17,0,22,0,28,no
RiposteB_0013,RiposteB,0,5,0,6,0,11,no
RiposteB_0014,RiposteB,10,12,13,15,0,21,no
RiposteB_0015,RiposteB,0,15,0,18,0,25,no
RiposteB_0016,RiposteB,7,7,9,9,0,11,no
RiposteB_0017,RiposteB,0,15,0,19,0,24,no
RiposteB_0019,RiposteB,9,11,11,13,0,15,no
RiposteB_0020,RiposteB,0,15,0,37,0,50,no
RiposteB_0021,RiposteB,0,14,0,34,0,52,no
RiposteB_0022,RiposteB,0,9,0,23,0,33,no
RiposteB_0023,RiposteB,0,14,0,35,0,40,no
RiposteB_0026,RiposteB,13,14,16,17,0,23,no
RiposteB_0029,RiposteB,16,17,20,22,0,25,no
RiposteB_0030,RiposteB,0,11,0,16,0,24,no
RiposteB_0031,RiposteB,0,12,0,14,0,21,no
RiposteB_0032,RiposteB,16,14,20,18,0,23,no
RiposteB_0033,RiposteB,16,16,20,20,0,22,no
RiposteB_0035,RiposteB,16,16,20,20,0,29,no
RiposteB_0036,RiposteB,14,14,18,18,0,20,no
RiposteB_0037,RiposteB,0,16,0,20,0,25,no
RiposteB_0038,RiposteB,16,13,20,16,0,24,no
RiposteB_0042,RiposteB,0,12,0,15,0,20,no
RiposteB_0043,RiposteB,10,12,13,14,0,18,no
RiposteB_0045,RiposteB,0,15,0,22,0,29,no
RiposteB_0047,RiposteB,12,13,16,16,0,23,no
RiposteB_0048,RiposteB,13,14,16,19,0,24,no
RiposteB_0049,RiposteB,10,12,17,18,0,24,no
RiposteB_0050,RiposteB,13,10,17,13,0,21,no
RiposteB_0052,RiposteB,0,11,0,14,0,18,no
RiposteB_0054,RiposteB,10,11,15,17,0,23,no
RiposteB_0055,RiposteB,12,11,35,30,0,43,no
RiposteB_0056,RiposteB,17,19,21,25,0,29,no
RiposteB_0058,RiposteB,9,9,14,14,0,18,no
RiposteB_0060,RiposteB,0,17,0,25,0,30,no
RiposteB_0063,RiposteB,16,12,20,15,0,28,no
RiposteB_0064,RiposteB,0,14,0,20,0,27,no
RiposteB_0066,RiposteB,0,19,0,25,0,32,no
RiposteB_0067,RiposteB,0,13,0,18,0,24,no
RiposteB_0068,RiposteB,0,8,0,12,0,16,no
RiposteB_0069,RiposteB,4,9,6,11,0,19,no
RiposteB_0072,RiposteB,0,12,0,18,0,22,no
RiposteB_0073,RiposteB,21,16,52,40,0,52,no
RiposteB_0074,RiposteB,9,9,14,15,0,19,no
RiposteB_0077,RiposteB,0,25,0,31,0,36,no
RiposteB_0079,RiposteB,10,14,27,40,0,42,no
RiposteB_0080,RiposteB,0,13,0,35,0,43,no
RiposteB_0081,RiposteB,13,13,18,18,0,22,no
RiposteB_0085,RiposteB,0,12,0,17,0,29,no
